EventId,EventTemplate,Occurrences
0bee83ca,Login Success [user: <*> [Source: 200.74.215.2] [localport: 22] at <*> CCS <*> Oct <*> 2018,10
10b52bd2,User <*> has exited tty session 1(200.74.215.2),9
c0779844,EIGRP-IPv4 2016: Neighbor 172.30.2.1 (GigabitEthernet3/8.3020) is down: holding time expired,3
d3ad8985,"(exec timer expired, tty 1 (200.74.215.2)), user admer",4
48e2b696,"Netflow TCAM threshold exceeded, TCAM Utilization <*>",2
4e4579fe,EIGRP-IPv4 2016: Neighbor 172.30.2.1 (GigabitEthernet3/8.3020) is up: new adjacency,3
ef34edd1,Big chunk pool request (348) for community. Replenishing with malloc,1
e8c6e941,Configured from console by admer on vty0 (200.74.215.2),1
